{"cameraMode":{"drawMode":0,"name":"Shaded","section":"Shading Mode"},"sceneLighting":false,"audioPlay":false,"sceneViewState":{"m_AlwaysRefresh":false,"showFog":false,"showSkybox":false,"showFlares":false,"showImageEffects":false,"showParticleSystems":false,"showVisualEffectGraphs":true,"m_FxEnabled":false},"in2DMode":false,"pivot":{"x":0.012636005878448487,"y":0.8287057876586914,"z":-0.0021090656518936159},"rotation":{"x":-0.0015861575957387686,"y":-0.995267391204834,"z":0.09584111720323563,"w":-0.01641324907541275},"size":1.2171368598937989,"orthographic":false}