{"cameraMode":{"drawMode":0,"name":"Shaded","section":"Shading Mode"},"sceneLighting":true,"audioPlay":false,"sceneViewState":{"m_AlwaysRefresh":false,"showFog":true,"showSkybox":true,"showFlares":true,"showImageEffects":true,"showParticleSystems":true,"showVisualEffectGraphs":true,"m_FxEnabled":false},"in2DMode":false,"pivot":{"x":41.69679260253906,"y":0.5571582317352295,"z":-2.155944347381592},"rotation":{"x":-0.002581222215667367,"y":-0.9922350645065308,"z":0.12266463041305542,"w":-0.02082965523004532},"size":2.5882692337036135,"orthographic":false}