{"cameraMode":{"drawMode":0,"name":"Shaded","section":"Shading Mode"},"sceneLighting":true,"audioPlay":false,"sceneViewState":{"m_AlwaysRefresh":false,"showFog":true,"showSkybox":true,"showFlares":true,"showImageEffects":true,"showParticleSystems":true,"showVisualEffectGraphs":true,"m_FxEnabled":false},"in2DMode":false,"pivot":{"x":59.20161437988281,"y":2.598558187484741,"z":-12.621389389038086},"rotation":{"x":0.00019455129222478718,"y":-0.9994437098503113,"z":0.03299447149038315,"w":0.006006736308336258},"size":6.958320140838623,"orthographic":false}