{"cameraMode":{"drawMode":0,"name":"Shaded","section":"Shading Mode"},"sceneLighting":true,"audioPlay":false,"sceneViewState":{"m_AlwaysRefresh":false,"showFog":true,"showSkybox":true,"showFlares":true,"showImageEffects":true,"showParticleSystems":true,"showVisualEffectGraphs":true,"m_FxEnabled":false},"in2DMode":false,"pivot":{"x":41.55679702758789,"y":0.21425461769104005,"z":-0.6782088279724121},"rotation":{"x":0.002213632920756936,"y":-0.9863349199295044,"z":0.16423939168453217,"w":0.013327191583812237},"size":2.05566668510437,"orthographic":false}