{"cameraMode":{"drawMode":0,"name":"Shaded","section":"Shading Mode"},"sceneLighting":true,"audioPlay":false,"sceneViewState":{"m_AlwaysRefresh":false,"showFog":true,"showSkybox":true,"showFlares":true,"showImageEffects":true,"showParticleSystems":true,"showVisualEffectGraphs":true,"m_FxEnabled":false},"in2DMode":false,"pivot":{"x":59.45600509643555,"y":1.0081377029418946,"z":-12.064751625061036},"rotation":{"x":0.0007932645385153592,"y":-0.9960518479347229,"z":0.0883822962641716,"w":0.008974851109087468},"size":6.977195739746094,"orthographic":false}