{"cameraMode":{"drawMode":0,"name":"Shaded","section":"Shading Mode"},"sceneLighting":true,"audioPlay":false,"sceneViewState":{"m_AlwaysRefresh":false,"showFog":true,"showSkybox":true,"showFlares":true,"showImageEffects":true,"showParticleSystems":true,"showVisualEffectGraphs":true,"m_FxEnabled":false},"in2DMode":false,"pivot":{"x":59.399452209472659,"y":2.179112672805786,"z":4.731973171234131},"rotation":{"x":-0.06145705282688141,"y":0.01316866185516119,"z":-0.0008167542400769889,"w":-0.9980294704437256},"size":3.865683078765869,"orthographic":false}