{"cameraMode":{"drawMode":0,"name":"Shaded","section":"Shading Mode"},"sceneLighting":true,"audioPlay":false,"sceneViewState":{"m_AlwaysRefresh":false,"showFog":true,"showSkybox":true,"showFlares":true,"showImageEffects":true,"showParticleSystems":true,"showVisualEffectGraphs":true,"m_FxEnabled":false},"in2DMode":false,"pivot":{"x":41.51226043701172,"y":0.8221043348312378,"z":1.723524570465088},"rotation":{"x":-0.00005060829425929114,"y":-0.9998924136161804,"z":0.015000148676335812,"w":-0.0029897610656917097},"size":1.494960069656372,"orthographic":false}