{"cameraMode":{"drawMode":0,"name":"Shaded","section":"Shading Mode"},"sceneLighting":true,"audioPlay":false,"sceneViewState":{"m_AlwaysRefresh":false,"showFog":true,"showSkybox":true,"showFlares":true,"showImageEffects":true,"showParticleSystems":true,"showVisualEffectGraphs":true,"m_FxEnabled":false},"in2DMode":false,"pivot":{"x":41.689239501953128,"y":0.8445873260498047,"z":-0.15211009979248048},"rotation":{"x":0.00010186661529587582,"y":-0.9973095059394836,"z":0.0734352096915245,"w":0.00150610925629735},"size":1.877951979637146,"orthographic":false}