{"cameraMode":{"drawMode":0,"name":"Shaded","section":"Shading Mode"},"sceneLighting":true,"audioPlay":false,"sceneViewState":{"m_AlwaysRefresh":false,"showFog":true,"showSkybox":true,"showFlares":true,"showImageEffects":true,"showParticleSystems":true,"showVisualEffectGraphs":true,"m_FxEnabled":false},"in2DMode":false,"pivot":{"x":64.25999450683594,"y":4.058786392211914,"z":-0.5836125612258911},"rotation":{"x":-0.004855798557400703,"y":-0.5881714224815369,"z":0.0035253826063126327,"w":-0.8087190389633179},"size":2.515328884124756,"orthographic":false}