{"cameraMode":{"drawMode":0,"name":"Shaded","section":"Shading Mode"},"sceneLighting":true,"audioPlay":false,"sceneViewState":{"m_AlwaysRefresh":false,"showFog":true,"showSkybox":true,"showFlares":true,"showImageEffects":true,"showParticleSystems":true,"showVisualEffectGraphs":true,"m_FxEnabled":false},"in2DMode":false,"pivot":{"x":41.8291130065918,"y":0.3413200378417969,"z":-2.096141815185547},"rotation":{"x":-0.002581222215667367,"y":-0.9922350645065308,"z":0.12266463041305542,"w":-0.02082965523004532},"size":2.8010339736938478,"orthographic":false}