{"cameraMode":{"drawMode":0,"name":"Shaded","section":"Shading Mode"},"sceneLighting":true,"audioPlay":false,"sceneViewState":{"m_AlwaysRefresh":false,"showFog":true,"showSkybox":true,"showFlares":true,"showImageEffects":true,"showParticleSystems":true,"showVisualEffectGraphs":true,"m_FxEnabled":false},"in2DMode":false,"pivot":{"x":42.06993103027344,"y":0.6728324890136719,"z":1.7574846744537354},"rotation":{"x":-0.04381869360804558,"y":-0.9007648229598999,"z":0.42186403274536135,"w":-0.09355302900075913},"size":1.9641002416610718,"orthographic":false}